Field,Canon
BASE DLV,Drive Land Vehicle
BASE PAV,Pilot Air Vehicle
BASE PSV,Pilot Sea Vehicle
BASE RTD,Resist Torture/Drugs
BASE PhotoFilm,Photography/Film
BASE PDSculpt,Paint/Draw/Sculpt
BASE LVTech,Land Vehicle Tech
BASE SVTech,Sea Vehicle Tech
BASE AVTech,Air Vehicle Tech
BASE ESTech,Electronics/Security Tech
BASE Martial,Martial Arts
BASE Wilderness,Wilderness Survival
BASE Melee,Melee Weapon
BASE Conceal,Conceal/Reveal Object
BASE Contortion,Contortionist
BASE WardrobeStyle,Wardrobe & Style
BASE ElecSec,Electronics/Security Tech
BASE WeaponsTech,Weaponstech